,Fold Number,Epoch,Binary Cross-Entropy Loss,Accuracy,AUC,Precision,Recall
0,1.0,1.0,0.40444114804267883,0.8251897692680359,0.7566800117492676,0.48464420437812805,0.18575941026210785
1,1.0,2.0,0.34335997700691223,0.8457760810852051,0.8388954401016235,0.6598290801048279,0.22164800763130188
2,1.0,3.0,0.33600232005119324,0.8496949076652527,0.8457995057106018,0.6904962062835693,0.2357163429260254
3,1.0,4.0,0.3325430750846863,0.851431131362915,0.8491047024726868,0.7067796587944031,0.23944875597953796
4,1.0,5.0,0.3307029604911804,0.8517287373542786,0.8514487147331238,0.6995153427124023,0.24863623082637787
5,1.0,6.0,0.32897433638572693,0.8519271612167358,0.8531534075737,0.695141077041626,0.2546655237674713
6,1.0,7.0,0.3280976712703705,0.8530185222625732,0.8542976379394531,0.7003081440925598,0.2609819173812866
7,1.0,8.0,0.32736992835998535,0.8524232506752014,0.8551547527313232,0.6927162408828735,0.26213034987449646
8,1.0,9.0,0.3260648548603058,0.852820098400116,0.8568642139434814,0.6832386255264282,0.27619868516921997
9,1.0,10.0,0.32547464966773987,0.8538122177124023,0.8570490479469299,0.6876750588417053,0.28194084763526917
10,1.0,11.0,0.3242398202419281,0.8553003668785095,0.8588196635246277,0.6938356161117554,0.2908412218093872
11,1.0,12.0,0.3237058222293854,0.8540106415748596,0.8596045970916748,0.6839237213134766,0.2882572412490845
12,1.0,13.0,0.32337549328804016,0.8549531102180481,0.8595265746116638,0.6894915103912354,0.29198965430259705
13,1.0,14.0,0.32281526923179626,0.854903519153595,0.8607059717178345,0.6864973306655884,0.29486075043678284
14,1.0,15.0,0.322639524936676,0.8551515340805054,0.8605082035064697,0.6934707760810852,0.28969278931617737
15,1.0,16.0,0.32196468114852905,0.8551515340805054,0.8611842393875122,0.6867949366569519,0.2971576154232025
16,1.0,17.0,0.321178674697876,0.8568381071090698,0.8616868853569031,0.6980756521224976,0.3020384609699249
17,1.0,18.0,0.32104089856147766,0.8554491996765137,0.8624631762504578,0.6895403265953064,0.2971576154232025
18,1.0,19.0,0.3207472562789917,0.8561932444572449,0.8624500036239624,0.688144326210022,0.30663222074508667
19,1.0,20.0,0.32044389843940735,0.8561436533927917,0.862806499004364,0.6911475658416748,0.30261269211769104
20,1.0,21.0,0.32031917572021484,0.8562924861907959,0.8630008101463318,0.6927631497383118,0.302325576543808
21,1.0,22.0,0.3197253942489624,0.8562428951263428,0.8632524013519287,0.6890756487846375,0.30605798959732056
22,1.0,23.0,0.3195342421531677,0.8560444712638855,0.8635552525520325,0.6849140524864197,0.30892908573150635
23,1.0,24.0,0.319339781999588,0.8561436533927917,0.8636621832847595,0.6886731386184692,0.30548378825187683
24,1.0,25.0,0.31868457794189453,0.8561436533927917,0.8647282719612122,0.6823014616966248,0.31323572993278503
25,1.0,26.0,0.3188161849975586,0.8568877577781677,0.8644798994064331,0.6944082975387573,0.30663222074508667
26,1.0,27.0,0.3188227117061615,0.8559452295303345,0.8644340634346008,0.6817325949668884,0.31180018186569214
27,1.0,28.0,0.3184247612953186,0.8557468056678772,0.8649741411209106,0.6795752644538879,0.31237438321113586
28,1.0,29.0,0.3178982734680176,0.8558460474014282,0.8653842210769653,0.6806512475013733,0.3120872676372528
29,1.0,30.0,0.3177163302898407,0.8571357727050781,0.8656750917434692,0.6899811029434204,0.3143841624259949
30,1.0,31.0,0.3180074691772461,0.8565405011177063,0.8653458952903748,0.6857322454452515,0.31323572993278503
31,1.0,32.0,0.31770631670951843,0.8563916683197021,0.8655285835266113,0.6814814805984497,0.3169681429862976
32,1.0,33.0,0.3176702857017517,0.8571357727050781,0.8654137253761292,0.6859962940216064,0.3192650079727173
33,1.0,34.0,0.31714940071105957,0.8571357727050781,0.8662041425704956,0.6907020807266235,0.3135228157043457
34,1.0,35.0,0.31671756505966187,0.8570365309715271,0.8667990565299988,0.68289715051651,0.3221361041069031
35,1.0,36.0,0.3171723783016205,0.8573837876319885,0.8664106130599976,0.6878862977027893,0.31955212354660034
36,1.0,37.0,0.31656453013420105,0.857086181640625,0.8671615719795227,0.6881250143051147,0.31610679626464844
37,1.0,38.0,0.3167908191680908,0.8572846055030823,0.8666272759437561,0.6863468885421753,0.3204134404659271
38,1.0,39.0,0.31659558415412903,0.8575326204299927,0.8668034076690674,0.6884639263153076,0.3204134404659271
39,1.0,40.0,0.3166130483150482,0.8570365309715271,0.8666451573371887,0.6817907094955444,0.3235716223716736
40,1.0,41.0,0.3163554072380066,0.8570365309715271,0.8668925166130066,0.6842427849769592,0.3204134404659271
41,1.0,42.0,0.31619375944137573,0.8571853637695312,0.8669304847717285,0.685731828212738,0.32012632489204407
42,1.0,43.0,0.31671732664108276,0.8566893339157104,0.8666264414787292,0.680437445640564,0.32156187295913696
43,1.0,44.0,0.3159010410308838,0.8576318025588989,0.8673654794692993,0.6876913905143738,0.32242318987846375
44,1.0,45.0,0.3158952593803406,0.8574333786964417,0.8674573302268982,0.6835442781448364,0.3255814015865326
45,1.0,46.0,0.3153592646121979,0.8583759069442749,0.8678677082061768,0.6909975409507751,0.3261556029319763
46,1.0,47.0,0.3157877027988434,0.8573341965675354,0.8673222064971924,0.685400128364563,0.3221361041069031
47,1.0,48.0,0.3158262073993683,0.8582767248153687,0.8675514459609985,0.6883273124694824,0.3284524977207184
48,1.0,49.0,0.3153013288974762,0.8580286502838135,0.8681708574295044,0.6894447803497314,0.32443296909332275
49,1.0,50.0,0.31510379910469055,0.858425498008728,0.8678572177886963,0.6914181113243103,0.3261556029319763
50,2.0,1.0,0.3926219344139099,0.8290590047836304,0.7718051075935364,0.6069363951683044,0.03014642558991909
51,2.0,2.0,0.34826743602752686,0.8427005410194397,0.8346446752548218,0.6875,0.1642262488603592
52,2.0,3.0,0.3408501148223877,0.8462721109390259,0.8416841626167297,0.6777777671813965,0.2101636528968811
53,2.0,4.0,0.33668795228004456,0.8483555912971497,0.8458511233329773,0.6757425665855408,0.23514211177825928
54,2.0,5.0,0.3336944878101349,0.8507366180419922,0.8482150435447693,0.6869085431098938,0.25007176399230957
55,2.0,6.0,0.3316972851753235,0.8518279790878296,0.8504608273506165,0.6922480463981628,0.2563881576061249
56,2.0,7.0,0.33069103956222534,0.8516295552253723,0.8520954847335815,0.6889401078224182,0.2575366199016571
57,2.0,8.0,0.32957592606544495,0.8512822985649109,0.8535482883453369,0.6794966459274292,0.26356589794158936
58,2.0,9.0,0.32860490679740906,0.8524728417396545,0.8543921709060669,0.6848220825195312,0.27074360847473145
59,2.0,10.0,0.32789355516433716,0.853514552116394,0.8551734685897827,0.6914739608764648,0.2747631371021271
60,2.0,11.0,0.3271124064922333,0.8531672954559326,0.855806291103363,0.6837666630744934,0.27935686707496643
61,2.0,12.0,0.326770544052124,0.8531177043914795,0.8563563823699951,0.6820083856582642,0.2807924151420593
62,2.0,13.0,0.3262547254562378,0.8529688715934753,0.856451153755188,0.6798336505889893,0.2816537320613861
63,2.0,14.0,0.32566213607788086,0.8539113998413086,0.8572781682014465,0.6817567348480225,0.28969278931617737
64,2.0,15.0,0.32533958554267883,0.8537129759788513,0.857090950012207,0.6811397671699524,0.2882572412490845
65,2.0,16.0,0.32498040795326233,0.8537625670433044,0.8576179146766663,0.6803776025772095,0.28969278931617737
66,2.0,17.0,0.32437148690223694,0.85425865650177,0.8586107492446899,0.681545615196228,0.293712317943573
67,2.0,18.0,0.3236285150051117,0.8547050952911377,0.8595701456069946,0.6844207644462585,0.2951478660106659
68,2.0,19.0,0.32346901297569275,0.8545066714286804,0.8597322106361389,0.6776486039161682,0.30117714405059814
69,2.0,20.0,0.32349127531051636,0.8550027012825012,0.8596493005752563,0.6794871687889099,0.304335355758667
70,2.0,21.0,0.32279452681541443,0.8548539280891418,0.8598989248275757,0.6757097840309143,0.30749353766441345
71,2.0,22.0,0.32283228635787964,0.8550523519515991,0.8599923849105835,0.6790044903755188,0.30548378825187683
72,2.0,23.0,0.3219784200191498,0.8544570803642273,0.8609375357627869,0.6716697812080383,0.30835485458374023
73,2.0,24.0,0.3220255970954895,0.8552011251449585,0.8611451387405396,0.6784810423851013,0.3077806532382965
74,2.0,25.0,0.32194119691848755,0.8553003668785095,0.8608608245849609,0.677763819694519,0.30979040265083313
75,2.0,26.0,0.3211236298084259,0.854804277420044,0.8616918325424194,0.6752837300300598,0.30749353766441345
76,2.0,27.0,0.3207871615886688,0.8562428951263428,0.8620307445526123,0.6817899346351624,0.3149583637714386
77,2.0,28.0,0.32081103324890137,0.8551515340805054,0.8624717593193054,0.6736582517623901,0.3135228157043457
78,2.0,29.0,0.3204374313354492,0.8553499579429626,0.8626457452774048,0.6779661178588867,0.3100775182247162
79,2.0,30.0,0.3201982080936432,0.8555483818054199,0.8628687262535095,0.6765615344047546,0.3140970468521118
80,2.0,31.0,0.3194592595100403,0.8556972146034241,0.8635862469673157,0.671241044998169,0.32299742102622986
81,2.0,32.0,0.31953325867652893,0.8553003668785095,0.863427996635437,0.6744759678840637,0.3140970468521118
82,2.0,33.0,0.31933286786079407,0.8554491996765137,0.8640785217285156,0.6731588840484619,0.31754234433174133
83,2.0,34.0,0.31851083040237427,0.8553499579429626,0.8648200035095215,0.669658899307251,0.3212747573852539
84,2.0,35.0,0.3189275860786438,0.8553995490074158,0.8644837737083435,0.6696535348892212,0.32184898853302
85,2.0,36.0,0.318634957075119,0.8560444712638855,0.8643500804901123,0.6719952821731567,0.32586851716041565
86,2.0,37.0,0.31861165165901184,0.8553499579429626,0.8643924593925476,0.6694560647010803,0.32156187295913696
87,2.0,38.0,0.3183422386646271,0.8553995490074158,0.8651149868965149,0.6692491173744202,0.32242318987846375
88,2.0,39.0,0.31845855712890625,0.8568381071090698,0.8644882440567017,0.6748681664466858,0.33074936270713806
89,2.0,40.0,0.31817862391471863,0.8564909100532532,0.8647083640098572,0.6779252290725708,0.3227103054523468
90,2.0,41.0,0.31719157099723816,0.8561436533927917,0.8660969734191895,0.6736152768135071,0.3247200548648834
91,2.0,42.0,0.31772923469543457,0.8569373488426208,0.8652193546295166,0.6766961812973022,0.32931381464004517
92,2.0,43.0,0.31758904457092285,0.8562428951263428,0.8654007315635681,0.6727702021598816,0.3270169496536255
93,2.0,44.0,0.31754255294799805,0.8564413189888,0.8658869862556458,0.6727272868156433,0.32931381464004517
94,2.0,45.0,0.31729239225387573,0.8562428951263428,0.8655816316604614,0.674003541469574,0.32529428601264954
95,2.0,46.0,0.3172761797904968,0.8565405011177063,0.8659457564353943,0.6757882237434387,0.3261556029319763
96,2.0,47.0,0.31689268350601196,0.8574830293655396,0.866595983505249,0.6775320172309875,0.3341946601867676
97,2.0,48.0,0.31692928075790405,0.8560444712638855,0.866571307182312,0.6703812479972839,0.3281653821468353
98,2.0,49.0,0.3169117867946625,0.8565900921821594,0.8666213750839233,0.6770334839820862,0.3250071704387665
99,2.0,50.0,0.31673121452331543,0.856342077255249,0.8663131594657898,0.6715371012687683,0.3298880159854889
100,3.0,1.0,0.4070003926753998,0.825140118598938,0.7529107332229614,0.4740740656852722,0.11024978756904602
101,3.0,2.0,0.3495049476623535,0.842154860496521,0.8323945999145508,0.6537283062934875,0.18374964594841003
102,3.0,3.0,0.34160467982292175,0.8475123047828674,0.8400431871414185,0.6792287230491638,0.22250932455062866
103,3.0,4.0,0.3376980721950531,0.8484051823616028,0.8441687822341919,0.6864628791809082,0.22566752135753632
104,3.0,5.0,0.33529043197631836,0.8505381941795349,0.8463602662086487,0.7005119323730469,0.2357163429260254
105,3.0,6.0,0.33380603790283203,0.8510342836380005,0.8481586575508118,0.7020202279090881,0.23944875597953796
106,3.0,7.0,0.3318141996860504,0.8521255850791931,0.8508435487747192,0.7034035921096802,0.2492104470729828
107,3.0,8.0,0.33147352933883667,0.8515303134918213,0.8514183759689331,0.7011494040489197,0.24519093334674835
108,3.0,9.0,0.3303738534450531,0.8519768118858337,0.8528265357017517,0.6969218850135803,0.2535170912742615
109,3.0,10.0,0.32890477776527405,0.8515303134918213,0.8549356460571289,0.6847662329673767,0.26069480180740356
110,3.0,11.0,0.32773521542549133,0.8527208566665649,0.8556938171386719,0.691220223903656,0.2667240798473358
111,3.0,12.0,0.3272455930709839,0.8526712656021118,0.8563799858093262,0.6857349872589111,0.2718920409679413
112,3.0,13.0,0.3261880874633789,0.8539113998413086,0.8578091859817505,0.6924177408218384,0.27792131900787354
113,3.0,14.0,0.3255319893360138,0.8537625670433044,0.8581483364105225,0.690391480922699,0.27849555015563965
114,3.0,15.0,0.32452747225761414,0.855597972869873,0.8595060706138611,0.7002801299095154,0.28710880875587463
115,3.0,16.0,0.3241497576236725,0.8553499579429626,0.859765887260437,0.6959226131439209,0.28911858797073364
116,3.0,17.0,0.32403823733329773,0.8554987907409668,0.8599319458007812,0.6944065690040588,0.2922767698764801
117,3.0,18.0,0.3234233856201172,0.8557468056678772,0.8611258864402771,0.6933423280715942,0.2960091829299927
118,3.0,19.0,0.322866827249527,0.8559452295303345,0.8614147305488586,0.6898360848426819,0.3020384609699249
119,3.0,20.0,0.3223330080509186,0.8552507758140564,0.8621861338615417,0.6854891777038574,0.29974159598350525
120,3.0,21.0,0.3222064971923828,0.8559948205947876,0.8621641993522644,0.6878238320350647,0.3049095571041107
121,3.0,22.0,0.3217697739601135,0.856342077255249,0.8626447319984436,0.695276141166687,0.3000287115573883
122,3.0,23.0,0.3217427730560303,0.8562924861907959,0.8623799085617065,0.6915032863616943,0.3037611246109009
123,3.0,24.0,0.32135799527168274,0.8563916683197021,0.8629173636436462,0.687979519367218,0.30892908573150635
124,3.0,25.0,0.32123619318008423,0.855647623538971,0.8633118867874146,0.681674063205719,0.3086419701576233
125,3.0,26.0,0.32091525197029114,0.8562924861907959,0.8632539510726929,0.684974730014801,0.3115130662918091
126,3.0,27.0,0.3204316794872284,0.8572349548339844,0.8633692860603333,0.6965562105178833,0.3077806532382965
127,3.0,28.0,0.32012274861335754,0.8566397428512573,0.8640984296798706,0.6868305206298828,0.312948614358902
128,3.0,29.0,0.3197944164276123,0.8567389249801636,0.864486038684845,0.6855894923210144,0.3155325949192047
129,3.0,30.0,0.3198367655277252,0.856986939907074,0.8641370534896851,0.6884422302246094,0.31467124819755554
130,3.0,31.0,0.3196750283241272,0.8561436533927917,0.8646509647369385,0.6825297474861145,0.312948614358902
131,3.0,32.0,0.3191622495651245,0.8570365309715271,0.8648000359535217,0.6886377930641174,0.3149583637714386
132,3.0,33.0,0.3189779222011566,0.8564413189888,0.8654089570045471,0.6812307834625244,0.3178294599056244
133,3.0,34.0,0.3192792236804962,0.8564413189888,0.8649442791938782,0.6834890842437744,0.3149583637714386
134,3.0,35.0,0.3191896975040436,0.857086181640625,0.8648126721382141,0.6874221563339233,0.3169681429862976
135,3.0,36.0,0.31833961606025696,0.8575822114944458,0.8655973672866821,0.6893564462661743,0.319839209318161
136,3.0,37.0,0.3181324005126953,0.8569373488426208,0.8661292791366577,0.683404803276062,0.3204134404659271
137,3.0,38.0,0.3183487057685852,0.8567885160446167,0.8659224510192871,0.6844059228897095,0.31754234433174133
138,3.0,39.0,0.31800851225852966,0.856986939907074,0.8660761117935181,0.6856435537338257,0.31811657547950745
139,3.0,40.0,0.3175927996635437,0.8571853637695312,0.8663616180419922,0.684596598148346,0.32156187295913696
140,3.0,41.0,0.3179110288619995,0.8561932444572449,0.8663425445556641,0.6825000047683716,0.3135228157043457
141,3.0,42.0,0.31733623147010803,0.8576814532279968,0.8664839863777161,0.6911581754684448,0.31869077682495117
142,3.0,43.0,0.31769758462905884,0.8571357727050781,0.8663545846939087,0.6850828528404236,0.3204134404659271
143,3.0,44.0,0.31707754731178284,0.8576318025588989,0.866954505443573,0.6883835196495056,0.32156187295913696
144,3.0,45.0,0.3172169327735901,0.8577806353569031,0.8664661645889282,0.6871203184127808,0.3247200548648834
145,3.0,46.0,0.3170700669288635,0.8576814532279968,0.8665872812271118,0.6865127682685852,0.32443296909332275
146,3.0,47.0,0.3164081573486328,0.8576814532279968,0.8679140210151672,0.6871951222419739,0.3235716223716736
147,3.0,48.0,0.3169158101081848,0.8572846055030823,0.8667318820953369,0.6877323389053345,0.31869077682495117
148,3.0,49.0,0.31644201278686523,0.8575326204299927,0.8675963282585144,0.6861669421195984,0.3232845366001129
149,3.0,50.0,0.31624796986579895,0.8579790592193604,0.8677661418914795,0.6904177069664001,0.3227103054523468
150,4.0,1.0,0.40883466601371765,0.8195347189903259,0.7527564167976379,0.45507246255874634,0.22538042068481445
151,4.0,2.0,0.3466220200061798,0.8453296422958374,0.8358386754989624,0.6475343704223633,0.229974165558815
152,4.0,3.0,0.3395763039588928,0.8479090929031372,0.842772364616394,0.6771453022956848,0.22882571816444397
153,4.0,4.0,0.3354070782661438,0.8500917553901672,0.8471343517303467,0.6909693479537964,0.23944875597953796
154,4.0,5.0,0.33336591720581055,0.8505878448486328,0.8492168188095093,0.6826997399330139,0.2526557445526123
155,4.0,6.0,0.33129802346229553,0.8508358597755432,0.8518562912940979,0.6853582262992859,0.2526557445526123
156,4.0,7.0,0.32986581325531006,0.8521255850791931,0.8534828424453735,0.6951788663864136,0.25667527318000793
157,4.0,8.0,0.3281758427619934,0.8520264029502869,0.8555361032485962,0.6838235259056091,0.26701119542121887
158,4.0,9.0,0.3273323178291321,0.8532665371894836,0.8561066389083862,0.6920263171195984,0.2716049253940582
159,4.0,10.0,0.32662954926490784,0.8543082475662231,0.8570057153701782,0.6933428049087524,0.2810795307159424
160,4.0,11.0,0.3251206576824188,0.8546058535575867,0.8587687611579895,0.6919332146644592,0.28567326068878174
161,4.0,12.0,0.3243272006511688,0.853514552116394,0.8597891330718994,0.6778523325920105,0.2899799048900604
162,4.0,13.0,0.3236638903617859,0.8540602326393127,0.86089026927948,0.6797342300415039,0.293712317943573
163,4.0,14.0,0.3231738805770874,0.8552011251449585,0.8601906299591064,0.6852825284004211,0.2994544804096222
164,4.0,15.0,0.3227687180042267,0.854159414768219,0.861430287361145,0.6780328154563904,0.29687049984931946
165,4.0,16.0,0.3220084309577942,0.8550027012825012,0.8617799282073975,0.6834862232208252,0.2994544804096222
166,4.0,17.0,0.32163095474243164,0.85425865650177,0.8625169396400452,0.6782210469245911,0.29773184657096863
167,4.0,18.0,0.3215542137622833,0.8553003668785095,0.8624132871627808,0.6821106672286987,0.304335355758667
168,4.0,19.0,0.32078054547309875,0.8549531102180481,0.8633703589439392,0.680672287940979,0.302325576543808
169,4.0,20.0,0.3202848732471466,0.8551019430160522,0.8639177083969116,0.6787531971931458,0.3063451051712036
170,4.0,21.0,0.3204180896282196,0.8555483818054199,0.8633441925048828,0.6817314028739929,0.30749353766441345
171,4.0,22.0,0.3201563358306885,0.855647623538971,0.863702654838562,0.6805292963981628,0.3100775182247162
172,4.0,23.0,0.3194105923175812,0.8562428951263428,0.8643820881843567,0.6852438449859619,0.3106517493724823
173,4.0,24.0,0.3192993104457855,0.8558460474014282,0.8647646903991699,0.6806512475013733,0.3120872676372528
174,4.0,25.0,0.31925731897354126,0.8558460474014282,0.8645578026771545,0.6831746101379395,0.30892908573150635
175,4.0,26.0,0.31882449984550476,0.8564909100532532,0.8650760650634766,0.6860024929046631,0.31237438321113586
176,4.0,27.0,0.31885331869125366,0.8553003668785095,0.8654991388320923,0.6768749952316284,0.31093883514404297
177,4.0,28.0,0.3188207149505615,0.8570365309715271,0.8644214868545532,0.6865301132202148,0.31754234433174133
178,4.0,29.0,0.31811246275901794,0.8552011251449585,0.8657755255699158,0.6766917109489441,0.3100775182247162
179,4.0,30.0,0.3176771402359009,0.8559452295303345,0.8663908839225769,0.6777163743972778,0.3169681429862976
180,4.0,31.0,0.31822454929351807,0.8560940623283386,0.8652918934822083,0.6807453632354736,0.31467124819755554
181,4.0,32.0,0.3177459239959717,0.856342077255249,0.8660780191421509,0.6821849942207336,0.3155325949192047
182,4.0,33.0,0.3175131678581238,0.8558460474014282,0.8659974336624146,0.6760219931602478,0.31811657547950745
183,4.0,34.0,0.31757065653800964,0.8564909100532532,0.8660745620727539,0.6853014826774597,0.31323572993278503
184,4.0,35.0,0.3171379268169403,0.856342077255249,0.8670554757118225,0.6795107126235962,0.31897789239883423
185,4.0,36.0,0.3172151446342468,0.8562924861907959,0.8667253255844116,0.6810877919197083,0.3163939118385315
186,4.0,37.0,0.3169592022895813,0.8568877577781677,0.8668367862701416,0.6832107901573181,0.32012632489204407
187,4.0,38.0,0.31646865606307983,0.8560444712638855,0.8680955171585083,0.6774587631225586,0.3184036612510681
188,4.0,39.0,0.31732526421546936,0.8572846055030823,0.8666888475418091,0.6868064403533936,0.319839209318161
189,4.0,40.0,0.3161160349845886,0.8559948205947876,0.8679823875427246,0.6761847138404846,0.31955212354660034
190,4.0,41.0,0.31683963537216187,0.8564909100532532,0.8665913343429565,0.6839151978492737,0.3149583637714386
191,4.0,42.0,0.31664225459098816,0.8567885160446167,0.867495596408844,0.6803874373435974,0.3227103054523468
192,4.0,43.0,0.31636762619018555,0.8570365309715271,0.867384135723114,0.6842427849769592,0.3204134404659271
193,4.0,44.0,0.315835177898407,0.8562924861907959,0.868213951587677,0.6784409284591675,0.319839209318161
194,4.0,45.0,0.3159385323524475,0.8560940623283386,0.8681486248970032,0.674879789352417,0.32242318987846375
195,4.0,46.0,0.3154743015766144,0.8566397428512573,0.8680284023284912,0.6811240315437317,0.32012632489204407
196,4.0,47.0,0.3158304691314697,0.8567389249801636,0.8677868247032166,0.6799758076667786,0.3227103054523468
197,4.0,48.0,0.3157995641231537,0.8568877577781677,0.867682933807373,0.6818735003471375,0.32184898853302
198,4.0,49.0,0.31590116024017334,0.8564413189888,0.8677595853805542,0.6783767342567444,0.32156187295913696
199,4.0,50.0,0.3155882656574249,0.8578798770904541,0.8679693937301636,0.6854742169380188,0.32787826657295227
200,5.0,1.0,0.39152097702026367,0.8309440016746521,0.773600697517395,0.5343721508979797,0.16738444566726685
201,5.0,2.0,0.34504300355911255,0.8463713526725769,0.8351739048957825,0.6899606585502625,0.20126327872276306
202,5.0,3.0,0.33786043524742126,0.8482563495635986,0.8430821299552917,0.6934306621551514,0.21820269525051117
203,5.0,4.0,0.33379900455474854,0.8501909971237183,0.8475306034088135,0.7072515487670898,0.22681596875190735
204,5.0,5.0,0.33147215843200684,0.8501909971237183,0.8506381511688232,0.6966865062713623,0.23542922735214233
205,5.0,6.0,0.32962366938591003,0.8517287373542786,0.8521322011947632,0.707563042640686,0.24174562096595764
206,5.0,7.0,0.328995943069458,0.851331889629364,0.8530652523040771,0.6991803050041199,0.2449038177728653
207,5.0,8.0,0.3278855085372925,0.8517287373542786,0.8541551828384399,0.6979166865348816,0.25007176399230957
208,5.0,9.0,0.3270550072193146,0.8518279790878296,0.8553598523139954,0.695275604724884,0.2535170912742615
209,5.0,10.0,0.3262103497982025,0.8515799641609192,0.8564119338989258,0.6931549906730652,0.25294286012649536
210,5.0,11.0,0.32596343755722046,0.8515799641609192,0.8569009900093079,0.6844477653503418,0.26155611872673035
211,5.0,12.0,0.32540684938430786,0.8523240089416504,0.8570953607559204,0.6931297779083252,0.26069480180740356
212,5.0,13.0,0.32491546869277954,0.8529688715934753,0.857414722442627,0.687635600566864,0.2730404734611511
213,5.0,14.0,0.32445552945137024,0.8531672954559326,0.8580113053321838,0.6979560852050781,0.2647143304347992
214,5.0,15.0,0.3240105211734772,0.8527208566665649,0.858587384223938,0.6909360885620117,0.26701119542121887
215,5.0,16.0,0.3234747052192688,0.8528696894645691,0.8593039512634277,0.6826854944229126,0.2773471176624298
216,5.0,17.0,0.3233650028705597,0.853514552116394,0.8592309951782227,0.6895565390586853,0.2767728865146637
217,5.0,18.0,0.32289987802505493,0.8534153699874878,0.8596365451812744,0.6856539845466614,0.27993109822273254
218,5.0,19.0,0.3224193751811981,0.8543578386306763,0.8600063920021057,0.6938341856002808,0.2810795307159424
219,5.0,20.0,0.32256880402565,0.8536137938499451,0.859953761100769,0.6857541799545288,0.28194084763526917
220,5.0,21.0,0.3217600882053375,0.8546058535575867,0.8605056405067444,0.6919332146644592,0.28567326068878174
221,5.0,22.0,0.32191455364227295,0.85425865650177,0.8607137799263,0.6867717504501343,0.28768303990364075
222,5.0,23.0,0.3216448128223419,0.8547050952911377,0.8603038787841797,0.6886920928955078,0.2902670204639435
223,5.0,24.0,0.32146310806274414,0.8540602326393127,0.8611502647399902,0.6848940253257751,0.28768303990364075
224,5.0,25.0,0.32099369168281555,0.8546555042266846,0.8614343404769897,0.6910849809646606,0.28710880875587463
225,5.0,26.0,0.320609450340271,0.8543082475662231,0.8622369170188904,0.6854619383811951,0.28969278931617737
226,5.0,27.0,0.3207579255104065,0.8539113998413086,0.861782431602478,0.6810228824615479,0.29055410623550415
227,5.0,28.0,0.3200360834598541,0.854804277420044,0.8622205257415771,0.6868279576301575,0.29342520236968994
228,5.0,29.0,0.3199045956134796,0.8544074892997742,0.8628773093223572,0.6802631616592407,0.29687049984931946
229,5.0,30.0,0.320339560508728,0.8548539280891418,0.8618833422660828,0.6880486011505127,0.29256388545036316
230,5.0,31.0,0.3195664584636688,0.8550027012825012,0.8633430600166321,0.686170220375061,0.29629629850387573
231,5.0,32.0,0.31974607706069946,0.8544074892997742,0.8627701997756958,0.684636116027832,0.2917025685310364
232,5.0,33.0,0.3192293047904968,0.854804277420044,0.8633546233177185,0.6843501329421997,0.29629629850387573
233,5.0,34.0,0.31940269470214844,0.8544570803642273,0.8636060357093811,0.6809492707252502,0.2965834140777588
234,5.0,35.0,0.31892168521881104,0.8556972146034241,0.8636288642883301,0.687336802482605,0.302325576543808
235,5.0,36.0,0.31900447607040405,0.8543578386306763,0.8638240694999695,0.681969404220581,0.2942865490913391
236,5.0,37.0,0.31931641697883606,0.8536633849143982,0.8632819652557373,0.6740692257881165,0.29629629850387573
237,5.0,38.0,0.3186812698841095,0.8548539280891418,0.8638140559196472,0.6835860013961792,0.29773184657096863
238,5.0,39.0,0.31888455152511597,0.855597972869873,0.863826334476471,0.6861979365348816,0.30261269211769104
239,5.0,40.0,0.3186536133289337,0.8552507758140564,0.863932192325592,0.6882078647613525,0.2965834140777588
240,5.0,41.0,0.31842660903930664,0.8554987907409668,0.8648678660392761,0.6907630562782288,0.29629629850387573
241,5.0,42.0,0.31849008798599243,0.8545066714286804,0.8645186424255371,0.6783398389816284,0.30031582713127136
242,5.0,43.0,0.3176509141921997,0.8551019430160522,0.8655931353569031,0.6810566782951355,0.3034740090370178
243,5.0,44.0,0.31798848509788513,0.8553499579429626,0.8654286861419678,0.6854153275489807,0.3008900284767151
244,5.0,45.0,0.3180294632911682,0.855597972869873,0.8644952774047852,0.6852331757545471,0.3037611246109009
245,5.0,46.0,0.31774964928627014,0.8551019430160522,0.8652535080909729,0.6815245747566223,0.3028998076915741
246,5.0,47.0,0.31744855642318726,0.855647623538971,0.8655478954315186,0.6871325969696045,0.3020384609699249
247,5.0,48.0,0.31746426224708557,0.8555483818054199,0.8656450510025024,0.6855100989341736,0.3028998076915741
248,5.0,49.0,0.3179572820663452,0.8543578386306763,0.8649881482124329,0.6754329800605774,0.302325576543808
249,5.0,50.0,0.3174290955066681,0.854804277420044,0.8655186295509338,0.6802853345870972,0.30117714405059814
250,6.0,1.0,0.4443759024143219,0.7924004197120667,0.707209050655365,0.3025871813297272,0.15446454286575317
251,6.0,2.0,0.3523511290550232,0.8402202725410461,0.8311163783073425,0.6149122714996338,0.20126327872276306
252,6.0,3.0,0.3437330722808838,0.8455776572227478,0.8390360474586487,0.6622806787490845,0.21676716208457947
253,6.0,4.0,0.3383825421333313,0.8468673825263977,0.8446261286735535,0.6736842393875122,0.22049957513809204
254,6.0,5.0,0.3346065878868103,0.8489508628845215,0.8483461141586304,0.692105233669281,0.2265288531780243
255,6.0,6.0,0.3317859470844269,0.8511831164360046,0.8514747023582458,0.6997518539428711,0.24289405345916748
256,6.0,7.0,0.329472154378891,0.8524232506752014,0.853917121887207,0.6968992352485657,0.25811082124710083
257,6.0,8.0,0.3278142511844635,0.8534649610519409,0.8552685379981995,0.698722779750824,0.26701119542121887
258,6.0,9.0,0.32668885588645935,0.8528696894645691,0.856407880783081,0.6891002058982849,0.2704564929008484
259,6.0,10.0,0.3255722224712372,0.8536633849143982,0.8577163219451904,0.6891412138938904,0.2787826657295227
260,6.0,11.0,0.32499995827674866,0.8550027012825012,0.8583403825759888,0.6933701634407043,0.2882572412490845
261,6.0,12.0,0.32357701659202576,0.854903519153595,0.8599145412445068,0.6900544762611389,0.2908412218093872
262,6.0,13.0,0.3236904442310333,0.8537129759788513,0.859447717666626,0.6816326379776001,0.28768303990364075
263,6.0,14.0,0.3227057158946991,0.8552507758140564,0.8604106903076172,0.6854891777038574,0.29974159598350525
264,6.0,15.0,0.32222577929496765,0.8543082475662231,0.8614442348480225,0.6817576289176941,0.29399943351745605
265,6.0,16.0,0.32182711362838745,0.8553003668785095,0.861496090888977,0.686429500579834,0.2991673946380615
266,6.0,17.0,0.3212186098098755,0.8556972146034241,0.8619627952575684,0.6858808398246765,0.30404824018478394
267,6.0,18.0,0.3209154009819031,0.8557468056678772,0.8623762726783752,0.6841768026351929,0.30663222074508667
268,6.0,19.0,0.3205810785293579,0.855597972869873,0.8626210689544678,0.6871727705001831,0.3014642596244812
269,6.0,20.0,0.3203989565372467,0.8549531102180481,0.8630359172821045,0.6781389713287354,0.30548378825187683
270,6.0,21.0,0.31984367966651917,0.8559948205947876,0.8635169863700867,0.686855673789978,0.30605798959732056
271,6.0,22.0,0.319646954536438,0.8558460474014282,0.8640838265419006,0.6824794411659241,0.30979040265083313
272,6.0,23.0,0.31953635811805725,0.8554987907409668,0.8634006977081299,0.6785714030265808,0.31093883514404297
273,6.0,24.0,0.3190080523490906,0.8553499579429626,0.8649424314498901,0.6775203347206116,0.3106517493724823
274,6.0,25.0,0.31844282150268555,0.8553995490074158,0.8646827936172485,0.672539472579956,0.3178294599056244
275,6.0,26.0,0.3187662363052368,0.8553003668785095,0.8645856380462646,0.6788874864578247,0.30835485458374023
276,6.0,27.0,0.318535178899765,0.8558460474014282,0.8645501732826233,0.6793039441108704,0.31380993127822876
277,6.0,28.0,0.31867334246635437,0.8558460474014282,0.8646137714385986,0.6790813207626343,0.3140970468521118
278,6.0,29.0,0.3182525932788849,0.8561932444572449,0.8652089238166809,0.6820448637008667,0.3140970468521118
279,6.0,30.0,0.31774917244911194,0.8566397428512573,0.8658292293548584,0.6809030175209045,0.3204134404659271
280,6.0,31.0,0.3178713321685791,0.8559452295303345,0.8654865026473999,0.6742926239967346,0.32156187295913696
281,6.0,32.0,0.31756791472435,0.8564413189888,0.8659574389457703,0.6799022555351257,0.31955212354660034
282,6.0,33.0,0.3170962631702423,0.856986939907074,0.8661324977874756,0.683598518371582,0.3207005560398102
283,6.0,34.0,0.31721174716949463,0.8567885160446167,0.8664617538452148,0.6821516156196594,0.3204134404659271
284,6.0,35.0,0.31713035702705383,0.8571357727050781,0.8660959005355835,0.6828380823135376,0.3232845366001129
285,6.0,36.0,0.3166990280151367,0.8562924861907959,0.8669557571411133,0.6765060424804688,0.32242318987846375
286,6.0,37.0,0.31704723834991455,0.8566397428512573,0.8657205104827881,0.680024266242981,0.32156187295913696
287,6.0,38.0,0.3161732852458954,0.8568381071090698,0.8675346374511719,0.6827924251556396,0.32012632489204407
288,6.0,39.0,0.31630539894104004,0.85773104429245,0.8670505881309509,0.6842420697212219,0.32787826657295227
289,6.0,40.0,0.31635782122612,0.8571357727050781,0.8672103881835938,0.6848559379577637,0.3207005560398102
290,6.0,41.0,0.3162423372268677,0.8565405011177063,0.8674559593200684,0.6781193614006042,0.32299742102622986
291,6.0,42.0,0.3158431351184845,0.8572349548339844,0.8677979707717896,0.6819002032279968,0.3255814015865326
292,6.0,43.0,0.31604838371276855,0.8579790592193604,0.8673757910728455,0.6871980428695679,0.32672983407974243
293,6.0,44.0,0.3160409927368164,0.8564413189888,0.8672668933868408,0.6792452931404114,0.3204134404659271
294,6.0,45.0,0.3155162036418915,0.8569373488426208,0.8680582046508789,0.6809667944908142,0.3235716223716736
295,6.0,46.0,0.3152444064617157,0.8565900921821594,0.8684260845184326,0.6778846383094788,0.32385873794555664
296,6.0,47.0,0.31530261039733887,0.8565900921821594,0.8684229850769043,0.6761904954910278,0.3261556029319763
297,6.0,48.0,0.315359503030777,0.8584751486778259,0.8678710460662842,0.68727707862854,0.3318977952003479
298,6.0,49.0,0.3148043155670166,0.8580783009529114,0.8691564202308655,0.6840236783027649,0.3318977952003479
299,6.0,50.0,0.3146628439426422,0.8571853637695312,0.8690214157104492,0.6804062128067017,0.3270169496536255
300,7.0,1.0,0.39351511001586914,0.8388808965682983,0.7717089653015137,0.6212590336799622,0.17283950746059418
301,7.0,2.0,0.34541863203048706,0.8469170331954956,0.8362373113632202,0.6655546426773071,0.22911283373832703
302,7.0,3.0,0.3373567759990692,0.8491492867469788,0.8445296883583069,0.6687023043632507,0.25150731205940247
303,7.0,4.0,0.3343176245689392,0.8515799641609192,0.8477597236633301,0.6801173686981201,0.2661498785018921
304,7.0,5.0,0.33235475420951843,0.8506870269775391,0.8504828214645386,0.6747967600822449,0.26213034987449646
305,7.0,6.0,0.33031609654426575,0.8529688715934753,0.8524322509765625,0.6929367780685425,0.267585426568985
306,7.0,7.0,0.3282579183578491,0.8534649610519409,0.8548766374588013,0.6906993389129639,0.27505025267601013
307,7.0,8.0,0.32753369212150574,0.85425865650177,0.8554714322090149,0.7032065391540527,0.27074360847473145
308,7.0,9.0,0.32586419582366943,0.8531672954559326,0.857454776763916,0.6827393174171448,0.28050529956817627
309,7.0,10.0,0.3250837028026581,0.8544570803642273,0.8578470349311829,0.7010989189147949,0.2747631371021271
310,7.0,11.0,0.3247157037258148,0.8552011251449585,0.8584977388381958,0.6969273686408997,0.2865346074104309
311,7.0,12.0,0.32391682267189026,0.8545066714286804,0.8592745661735535,0.6888736486434937,0.2879701554775238
312,7.0,13.0,0.32336604595184326,0.8554491996765137,0.8602944612503052,0.6939331889152527,0.2922767698764801
313,7.0,14.0,0.3228488862514496,0.8558956384658813,0.8603571653366089,0.6974043846130371,0.2931380867958069
314,7.0,15.0,0.3223855495452881,0.854903519153595,0.8613892793655396,0.6908344626426697,0.2899799048900604
315,7.0,16.0,0.32174116373062134,0.8561436533927917,0.8615143895149231,0.6952444911003113,0.2980189621448517
316,7.0,17.0,0.32141387462615967,0.8547050952911377,0.8624436855316162,0.6871621608734131,0.29198965430259705
317,7.0,18.0,0.32167696952819824,0.8558460474014282,0.8616899251937866,0.6934943199157715,0.29687049984931946
318,7.0,19.0,0.3210046887397766,0.8559948205947876,0.862156093120575,0.6925630569458008,0.2994544804096222
319,7.0,20.0,0.3205059766769409,0.8563916683197021,0.8631449341773987,0.6957390308380127,0.3000287115573883
320,7.0,21.0,0.3205459415912628,0.8565900921821594,0.8628233075141907,0.6962864995002747,0.3014642596244812
321,7.0,22.0,0.3201062083244324,0.8564413189888,0.8637738227844238,0.6921069622039795,0.30462244153022766
322,7.0,23.0,0.3196159303188324,0.8575822114944458,0.8633058071136475,0.69921875,0.30835485458374023
323,7.0,24.0,0.3196263909339905,0.8557468056678772,0.8640283942222595,0.6890203952789307,0.3008900284767151
324,7.0,25.0,0.3197147250175476,0.8558956384658813,0.8637895584106445,0.6891361474990845,0.302325576543808
325,7.0,26.0,0.3193241357803345,0.856986939907074,0.8637210130691528,0.6935483813285828,0.3086419701576233
326,7.0,27.0,0.3194992244243622,0.8559452295303345,0.8639984130859375,0.6900853514671326,0.30175137519836426
327,7.0,28.0,0.3191819190979004,0.8571853637695312,0.864111065864563,0.6961038708686829,0.3077806532382965
328,7.0,29.0,0.31886228919029236,0.8578302264213562,0.8646060228347778,0.7001946568489075,0.30979040265083313
329,7.0,30.0,0.31842437386512756,0.8577806353569031,0.8650010228157043,0.6959287524223328,0.3140970468521118
330,7.0,31.0,0.3185079097747803,0.8574333786964417,0.8649414777755737,0.6973428130149841,0.30892908573150635
331,7.0,32.0,0.31819531321525574,0.8576318025588989,0.8653308153152466,0.698125422000885,0.3100775182247162
332,7.0,33.0,0.318565309047699,0.8578798770904541,0.8649632930755615,0.6953223943710327,0.31581971049308777
333,7.0,34.0,0.3182198703289032,0.857086181640625,0.8651871681213379,0.6959635615348816,0.3069193363189697
334,7.0,35.0,0.3179573714733124,0.8579294681549072,0.8654128313064575,0.6952681541442871,0.3163939118385315
335,7.0,36.0,0.31702905893325806,0.8581774830818176,0.8666763305664062,0.6984732747077942,0.31524547934532166
336,7.0,37.0,0.31766989827156067,0.8575326204299927,0.8659189939498901,0.6934768557548523,0.3143841624259949
337,7.0,38.0,0.3174320161342621,0.858524739742279,0.8659594058990479,0.7023733258247375,0.3143841624259949
338,7.0,39.0,0.3174498677253723,0.85773104429245,0.8659231066703796,0.696989119052887,0.31237438321113586
339,7.0,40.0,0.3172822892665863,0.8578798770904541,0.8663532733917236,0.695569634437561,0.3155325949192047
340,7.0,41.0,0.3177027404308319,0.8577806353569031,0.8651092648506165,0.695679783821106,0.3143841624259949
341,7.0,42.0,0.317380428314209,0.8587231636047363,0.8662401437759399,0.6995600461959839,0.31955212354660034
342,7.0,43.0,0.31692877411842346,0.8581278920173645,0.8662112951278687,0.6957888007164001,0.3178294599056244
343,7.0,44.0,0.3166196346282959,0.8577806353569031,0.8668711185455322,0.6954314708709717,0.31467124819755554
344,7.0,45.0,0.316461980342865,0.859070360660553,0.8667435050010681,0.7062981724739075,0.3155325949192047
345,7.0,46.0,0.3162161707878113,0.8589215874671936,0.8673065304756165,0.6995627880096436,0.32156187295913696
346,7.0,47.0,0.3163720667362213,0.8578798770904541,0.8673180341720581,0.6975703239440918,0.31323572993278503
347,7.0,48.0,0.31628507375717163,0.8580286502838135,0.8670244216918945,0.6951602697372437,0.31754234433174133
348,7.0,49.0,0.3158159554004669,0.8589215874671936,0.8672460913658142,0.700564980506897,0.3204134404659271
349,7.0,50.0,0.3157321512699127,0.8580783009529114,0.8675180673599243,0.6998714804649353,0.3126614987850189
350,8.0,1.0,0.4048686921596527,0.8360037803649902,0.750805675983429,0.5919002890586853,0.16365201771259308
351,8.0,2.0,0.3463674783706665,0.8483555912971497,0.8359783291816711,0.7013232707977295,0.2130347341299057
352,8.0,3.0,0.3389010727405548,0.8507862687110901,0.8430790901184082,0.7035132646560669,0.2357163429260254
353,8.0,4.0,0.33496731519699097,0.8530185222625732,0.847177267074585,0.709003210067749,0.2532299757003784
354,8.0,5.0,0.3328665494918823,0.8536633849143982,0.8492124080657959,0.7096773982048035,0.2589721381664276
355,8.0,6.0,0.3308192789554596,0.8547546863555908,0.8514421582221985,0.7032967209815979,0.27562445402145386
356,8.0,7.0,0.32937484979629517,0.8553995490074158,0.852789044380188,0.7043165564537048,0.2810795307159424
357,8.0,8.0,0.32768866419792175,0.8550523519515991,0.8547824025154114,0.6990773677825928,0.28280219435691833
358,8.0,9.0,0.3268188536167145,0.8548539280891418,0.8559004664421082,0.6924671530723572,0.28768303990364075
359,8.0,10.0,0.32601413130760193,0.8553499579429626,0.8567673563957214,0.697836697101593,0.28710880875587463
360,8.0,11.0,0.325359046459198,0.8556972146034241,0.8575667142868042,0.7001394629478455,0.2882572412490845
361,8.0,12.0,0.3248893916606903,0.8557468056678772,0.8577335476875305,0.700348436832428,0.28854435682296753
362,8.0,13.0,0.3242339789867401,0.8556972146034241,0.8588926196098328,0.699305534362793,0.28911858797073364
363,8.0,14.0,0.323687881231308,0.8561436533927917,0.859192967414856,0.7020096778869629,0.2908412218093872
364,8.0,15.0,0.32336658239364624,0.8553499579429626,0.8597548007965088,0.6945778727531433,0.29055410623550415
365,8.0,16.0,0.3227088451385498,0.8565900921821594,0.8597984910011292,0.7016348838806152,0.2957220673561096
366,8.0,17.0,0.3223053216934204,0.856986939907074,0.8609352707862854,0.7038043737411499,0.29744473099708557
367,8.0,18.0,0.3212268054485321,0.8559452295303345,0.8621281981468201,0.6997929811477661,0.29112833738327026
368,8.0,19.0,0.321564257144928,0.8561932444572449,0.8611851930618286,0.6931216716766357,0.3008900284767151
369,8.0,20.0,0.320811003446579,0.8561436533927917,0.862646222114563,0.691398561000824,0.302325576543808
370,8.0,21.0,0.3205708861351013,0.8563916683197021,0.8626101613044739,0.7019230723381042,0.29342520236968994
371,8.0,22.0,0.3202405273914337,0.8562924861907959,0.8630746603012085,0.6942970752716064,0.3006029427051544
372,8.0,23.0,0.32011836767196655,0.8571853637695312,0.862941324710846,0.6976439952850342,0.30605798959732056
373,8.0,24.0,0.3194807171821594,0.8565405011177063,0.8638158440589905,0.6937704682350159,0.3037611246109009
374,8.0,25.0,0.3196083903312683,0.8565900921821594,0.8632181882858276,0.6973333358764648,0.30031582713127136
375,8.0,26.0,0.319060742855072,0.8570365309715271,0.8643098473548889,0.699667751789093,0.302325576543808
376,8.0,27.0,0.31884849071502686,0.8574830293655396,0.8647103309631348,0.7014530897140503,0.3049095571041107
377,8.0,28.0,0.318784236907959,0.8573341965675354,0.8642983436584473,0.7021985054016113,0.30261269211769104
378,8.0,29.0,0.3182992935180664,0.8575326204299927,0.8650382161140442,0.7016501426696777,0.3051966726779938
379,8.0,30.0,0.31856510043144226,0.8581774830818176,0.864449143409729,0.7058047652244568,0.3072064220905304
380,8.0,31.0,0.3179803192615509,0.85773104429245,0.8657307028770447,0.7032386064529419,0.30548378825187683
381,8.0,32.0,0.3179015517234802,0.8574830293655396,0.8650884628295898,0.69986891746521,0.30663222074508667
382,8.0,33.0,0.3177802562713623,0.8567885160446167,0.864962100982666,0.6942633390426636,0.3057708740234375
383,8.0,34.0,0.31741222739219666,0.8579294681549072,0.8660633563995361,0.7013663053512573,0.3095032870769501
384,8.0,35.0,0.31716829538345337,0.8581278920173645,0.8663605451583862,0.7031963467597961,0.3095032870769501
385,8.0,36.0,0.3171045780181885,0.8574333786964417,0.866539478302002,0.6938256025314331,0.312948614358902
386,8.0,37.0,0.31695839762687683,0.8576814532279968,0.8665066361427307,0.7001304030418396,0.30835485458374023
387,8.0,38.0,0.3166351318359375,0.8582767248153687,0.8659915924072266,0.7029831409454346,0.311225950717926
388,8.0,39.0,0.3164149522781372,0.8581278920173645,0.8667876720428467,0.6998075842857361,0.31323572993278503
389,8.0,40.0,0.3163459002971649,0.8576318025588989,0.8666520118713379,0.697869598865509,0.31036463379859924
390,8.0,41.0,0.31613889336586,0.858524739742279,0.8669031262397766,0.6998100280761719,0.3172552287578583
391,8.0,42.0,0.3159707188606262,0.8582767248153687,0.8668839335441589,0.6991094350814819,0.3155325949192047
392,8.0,43.0,0.31575003266334534,0.8573341965675354,0.8679471611976624,0.6919671297073364,0.3140970468521118
393,8.0,44.0,0.3158337473869324,0.8582767248153687,0.8675922751426697,0.7008985877037048,0.3135228157043457
394,8.0,45.0,0.3157467246055603,0.8585743308067322,0.8672512173652649,0.6994949579238892,0.31811657547950745
395,8.0,46.0,0.3154051601886749,0.8578798770904541,0.8674684166908264,0.6924034953117371,0.3192650079727173
396,8.0,47.0,0.3149851858615875,0.8574333786964417,0.8682414293289185,0.6948176622390747,0.31180018186569214
397,8.0,48.0,0.31530317664146423,0.8575326204299927,0.8679684400558472,0.6910569071769714,0.3172552287578583
398,8.0,49.0,0.3152908682823181,0.8582270741462708,0.8675788640975952,0.6971608996391296,0.3172552287578583
399,8.0,50.0,0.31471797823905945,0.8583759069442749,0.8682861328125,0.6943069100379944,0.3221361041069031
400,9.0,1.0,0.41683533787727356,0.8238503932952881,0.7330722808837891,0.4640592038631439,0.1260407716035843
401,9.0,2.0,0.35002949833869934,0.843593418598175,0.8322683572769165,0.7007299065589905,0.16537468135356903
402,9.0,3.0,0.34313616156578064,0.8464705348014832,0.8387301564216614,0.7184684872627258,0.18317542970180511
403,9.0,4.0,0.33842703700065613,0.8482067584991455,0.843419075012207,0.712990939617157,0.20327304303646088
404,9.0,5.0,0.3348686099052429,0.8498437404632568,0.8473012447357178,0.7032085657119751,0.2265288531780243
405,9.0,6.0,0.3319661021232605,0.8514807224273682,0.8503762483596802,0.6999182105064392,0.24576514959335327
406,9.0,7.0,0.3297998309135437,0.8531177043914795,0.8530810475349426,0.698932945728302,0.2632787823677063
407,9.0,8.0,0.32839876413345337,0.8533657193183899,0.8544610738754272,0.6886184811592102,0.27619868516921997
408,9.0,9.0,0.3271128535270691,0.8538618087768555,0.8557084798812866,0.6845360994338989,0.2859603762626648
409,9.0,10.0,0.326302707195282,0.8546555042266846,0.8563706874847412,0.6877121329307556,0.2908412218093872
410,9.0,11.0,0.32571691274642944,0.8548539280891418,0.8568791151046753,0.6888135671615601,0.2917025685310364
411,9.0,12.0,0.32503142952919006,0.8547050952911377,0.8579142093658447,0.6854082942008972,0.29399943351745605
412,9.0,13.0,0.32432785630226135,0.8544570803642273,0.8587840795516968,0.6819085478782654,0.29543498158454895
413,9.0,14.0,0.32384273409843445,0.8562924861907959,0.8592473268508911,0.689032256603241,0.30663222074508667
414,9.0,15.0,0.32315176725387573,0.8562428951263428,0.859581708908081,0.6893203854560852,0.3057708740234375
415,9.0,16.0,0.32318300008773804,0.8554987907409668,0.859899640083313,0.682692289352417,0.3057708740234375
416,9.0,17.0,0.3228214979171753,0.8556972146034241,0.8605122566223145,0.6849226951599121,0.3051966726779938
417,9.0,18.0,0.3218425512313843,0.8559948205947876,0.8614813089370728,0.6854220032691956,0.3077806532382965
418,9.0,19.0,0.32162392139434814,0.856342077255249,0.8610632419586182,0.6835522055625916,0.31380993127822876
419,9.0,20.0,0.3213408589363098,0.856342077255249,0.8616428375244141,0.6849401593208313,0.3120872676372528
420,9.0,21.0,0.3209497928619385,0.8565405011177063,0.8620537519454956,0.6859660148620605,0.312948614358902
421,9.0,22.0,0.32057422399520874,0.8564413189888,0.8628095388412476,0.6823529601097107,0.3163939118385315
422,9.0,23.0,0.320336252450943,0.8565405011177063,0.8627352118492126,0.6852664351463318,0.31380993127822876
423,9.0,24.0,0.3201361298561096,0.857086181640625,0.8634442090988159,0.6848894357681274,0.32012632489204407
424,9.0,25.0,0.31996721029281616,0.857086181640625,0.863289475440979,0.6862623691558838,0.3184036612510681
425,9.0,26.0,0.3198714554309845,0.8568381071090698,0.8635890483856201,0.6810187697410583,0.32242318987846375
426,9.0,27.0,0.31948405504226685,0.857086181640625,0.8637845516204834,0.6837607026100159,0.32156187295913696
427,9.0,28.0,0.3191871643066406,0.8567885160446167,0.864424467086792,0.6788715720176697,0.3247200548648834
428,9.0,29.0,0.31941983103752136,0.8567885160446167,0.8643292188644409,0.6808252334594727,0.3221361041069031
429,9.0,30.0,0.31867530941963196,0.8561436533927917,0.8647992610931396,0.6746554970741272,0.3232845366001129
430,9.0,31.0,0.31868278980255127,0.8573341965675354,0.8649159073829651,0.684948205947876,0.3227103054523468
431,9.0,32.0,0.3182690739631653,0.8575326204299927,0.8654056787490845,0.68414705991745,0.32586851716041565
432,9.0,33.0,0.3184082806110382,0.8573341965675354,0.8653658032417297,0.6816277503967285,0.3270169496536255
433,9.0,34.0,0.3183619976043701,0.8576814532279968,0.8654501438140869,0.6810141801834106,0.33161067962646484
434,9.0,35.0,0.31778091192245483,0.8577806353569031,0.8658227324485779,0.6826809048652649,0.330462247133255
435,9.0,36.0,0.3181026875972748,0.8582270741462708,0.8653168678283691,0.6890501976013184,0.3270169496536255
436,9.0,37.0,0.31821408867836,0.856986939907074,0.8657172918319702,0.6773049831390381,0.3290266990661621
437,9.0,38.0,0.3180232644081116,0.8580783009529114,0.8655803799629211,0.6835891604423523,0.3324719965457916
438,9.0,39.0,0.31795790791511536,0.8584751486778259,0.8652994632720947,0.6888489127159119,0.3298880159854889
439,9.0,40.0,0.3177111744880676,0.8578798770904541,0.8659560084342957,0.6832740306854248,0.33074936270713806
440,9.0,41.0,0.31755080819129944,0.8581278920173645,0.8663910627365112,0.6857483386993408,0.33017513155937195
441,9.0,42.0,0.3174828588962555,0.8579790592193604,0.8666625022888184,0.6836493015289307,0.3313235640525818
442,9.0,43.0,0.317225843667984,0.8592191934585571,0.866375207901001,0.692307710647583,0.3333333432674408
443,9.0,44.0,0.3171955347061157,0.8572846055030823,0.866666853427887,0.679928719997406,0.32873958349227905
444,9.0,45.0,0.31694918870925903,0.8574830293655396,0.8669754862785339,0.6821983456611633,0.32787826657295227
445,9.0,46.0,0.31669801473617554,0.8587727546691895,0.8667945861816406,0.6886121034622192,0.3333333432674408
446,9.0,47.0,0.3168257772922516,0.8580286502838135,0.8670263290405273,0.6838365793228149,0.33161067962646484
447,9.0,48.0,0.3170849084854126,0.8582270741462708,0.8669506907463074,0.6852400898933411,0.3318977952003479
448,9.0,49.0,0.3160473704338074,0.8587231636047363,0.8676989078521729,0.6864356994628906,0.3356302082538605
449,9.0,50.0,0.3166562616825104,0.8580286502838135,0.867453396320343,0.6818980574607849,0.3341946601867676
450,10.0,1.0,0.40927472710609436,0.816319465637207,0.7602145671844482,0.44607841968536377,0.2612690329551697
451,10.0,2.0,0.3429073393344879,0.8469246029853821,0.8394355177879333,0.6650041341781616,0.22968704998493195
452,10.0,3.0,0.3365117013454437,0.8498511910438538,0.8461177349090576,0.6893687844276428,0.23830030858516693
453,10.0,4.0,0.3333681523799896,0.850049614906311,0.849580705165863,0.6913477778434753,0.23858742415905
454,10.0,5.0,0.33153119683265686,0.850595235824585,0.8518654704093933,0.6897662878036499,0.24576514959335327
455,10.0,6.0,0.330545037984848,0.8503968119621277,0.8526968955993652,0.6834250092506409,0.2497846633195877
456,10.0,7.0,0.32917267084121704,0.851835310459137,0.8538811802864075,0.6925466060638428,0.2561010718345642
457,10.0,8.0,0.32813358306884766,0.851190447807312,0.8551137447357178,0.6842105388641357,0.2575366199016571
458,10.0,9.0,0.3275451064109802,0.8513888716697693,0.8559167385101318,0.6823970079421997,0.26155611872673035
459,10.0,10.0,0.3266763687133789,0.8517361283302307,0.8568179607391357,0.6851574182510376,0.2624174654483795
460,10.0,11.0,0.32599905133247375,0.852529764175415,0.8569905757904053,0.6847826242446899,0.27131783962249756
461,10.0,12.0,0.3254939913749695,0.8541666865348816,0.857651948928833,0.6855775713920593,0.2879701554775238
462,10.0,13.0,0.32515189051628113,0.8548611402511597,0.8577480316162109,0.6885578632354736,0.29198965430259705
463,10.0,14.0,0.32455387711524963,0.8545634746551514,0.8584867715835571,0.6816084384918213,0.29687049984931946
464,10.0,15.0,0.3241059184074402,0.8551091551780701,0.8586769104003906,0.6817593574523926,0.30261269211769104
465,10.0,16.0,0.32349005341529846,0.8543650507926941,0.8594287633895874,0.6798158884048462,0.29687049984931946
466,10.0,17.0,0.3233521282672882,0.8553075194358826,0.8588365912437439,0.6832901835441589,0.3028998076915741
467,10.0,18.0,0.32282930612564087,0.8548611402511597,0.860107421875,0.6800258755683899,0.3020384609699249
468,10.0,19.0,0.32291799783706665,0.855009913444519,0.8599578738212585,0.6804123520851135,0.30318689346313477
469,10.0,20.0,0.3226023316383362,0.8552083373069763,0.8600284457206726,0.6824061870574951,0.3028998076915741
470,10.0,21.0,0.32205531001091003,0.8548611402511597,0.860759973526001,0.6759317517280579,0.3072064220905304
471,10.0,22.0,0.3218577206134796,0.8550595045089722,0.8608725070953369,0.6803858280181885,0.3037611246109009
472,10.0,23.0,0.3216063976287842,0.8554067611694336,0.8610104322433472,0.6851369142532349,0.30175137519836426
473,10.0,24.0,0.32099059224128723,0.8561508059501648,0.8614732623100281,0.6853147149085999,0.3095032870769501
474,10.0,25.0,0.32102951407432556,0.8548114895820618,0.8613888621330261,0.6791236996650696,0.30261269211769104
475,10.0,26.0,0.3204785883426666,0.8558035492897034,0.8623194694519043,0.6855670213699341,0.30548378825187683
476,10.0,27.0,0.3202016353607178,0.8553075194358826,0.8622013330459595,0.6814102530479431,0.3051966726779938
477,10.0,28.0,0.32025352120399475,0.8558035492897034,0.8620981574058533,0.6820480227470398,0.30979040265083313
478,10.0,29.0,0.3204268515110016,0.855654776096344,0.8615611791610718,0.6793988943099976,0.3115130662918091
479,10.0,30.0,0.319719523191452,0.855555534362793,0.8625925779342651,0.6838377118110657,0.3049095571041107
480,10.0,31.0,0.3192724883556366,0.855555534362793,0.8633223176002502,0.6819630265235901,0.3072064220905304
481,10.0,32.0,0.3191533386707306,0.8565475940704346,0.8633496761322021,0.6876190304756165,0.31093883514404297
482,10.0,33.0,0.3189024031162262,0.8551091551780701,0.8632107377052307,0.6782994866371155,0.3069193363189697
483,10.0,34.0,0.31883472204208374,0.8558035492897034,0.8635529279708862,0.681588888168335,0.31036463379859924
484,10.0,35.0,0.318779319524765,0.8554067611694336,0.8637495040893555,0.6802030205726624,0.3077806532382965
485,10.0,36.0,0.3186281621456146,0.8558531999588013,0.8641473054885864,0.682942271232605,0.3092162013053894
486,10.0,37.0,0.31855708360671997,0.8561508059501648,0.8638782501220703,0.6857871413230896,0.30892908573150635
487,10.0,38.0,0.31798624992370605,0.8554563522338867,0.8648198843002319,0.6744328737258911,0.31581971049308777
488,10.0,39.0,0.3184777498245239,0.8548611402511597,0.8641694784164429,0.6800258755683899,0.3020384609699249
489,10.0,40.0,0.31776052713394165,0.855654776096344,0.8648871183395386,0.6756591200828552,0.3163939118385315
490,10.0,41.0,0.31754353642463684,0.8549603223800659,0.865027904510498,0.6761184334754944,0.30806776881217957
491,10.0,42.0,0.317855566740036,0.8560019731521606,0.8648421764373779,0.6823899149894714,0.3115130662918091
492,10.0,43.0,0.3177779018878937,0.8569940328598022,0.8647456765174866,0.6884422302246094,0.31467124819755554
493,10.0,44.0,0.3175165057182312,0.8565475940704346,0.8646620512008667,0.6880967617034912,0.31036463379859924
494,10.0,45.0,0.3177841007709503,0.8563988208770752,0.8653982281684875,0.6870229244232178,0.3100775182247162
495,10.0,46.0,0.3174600303173065,0.8553571701049805,0.8653056621551514,0.6784141063690186,0.3095032870769501
496,10.0,47.0,0.31756237149238586,0.8565972447395325,0.8649336695671082,0.6875792145729065,0.3115130662918091
497,10.0,48.0,0.31716352701187134,0.855654776096344,0.8655416965484619,0.6773993968963623,0.3140970468521118
498,10.0,49.0,0.3171990215778351,0.8564980030059814,0.8655411005020142,0.6839151978492737,0.3149583637714386
499,10.0,50.0,0.3168785572052002,0.8552579283714294,0.8657020330429077,0.6766729354858398,0.3106517493724823
